index,func_name,var,security_sensitive_behavior,defensive_behavior,model
0,berlin2q_clock_setup,clk,"When of_clk_get_by_name retrieves clk, it creates a reference counting risk because failing to release the reference with clk_put can lead to a memory leak.",The clk_put is executed in cleanup sections to prevent memory leaks by releasing the clk reference before function exit.,gpt-4o-mini
1,clk_test_orphan_transparent_multiple_parent_mux_set_range_round_rate,clk,"When clk_hw_get_clk is called on hw, it creates a use-after-free risk because clk may point to a freed object if not properly managed.",The clk_put is executed in cleanup sections to prevent memory leaks by releasing the reference to clk before function exit.,gpt-4o-mini
2,ath79_clocks_init_dt,ref_clk,"When of_clk_get retrieves a clock reference for ref_clk, it creates a use-after-free risk because if ref_clk is not properly released, it may lead to accessing freed memory.",The clk_put is executed in cleanup sections to prevent use-after-free vulnerabilities by releasing the reference to ref_clk.,gpt-4o-mini
3,jz4740_pwm_request,clk,"When clk_get is called on clk, it creates a resource leak risk because failing to release the acquired clock reference leads to unfreed resources.",The clk_put is executed in cleanup sections to prevent resource leaks by releasing the clock reference acquired by clk_get.,gpt-4o-mini
4,rzg2l_cpg_attach_dev,clk,"When of_clk_get_from_provider is called on clk, it creates use-after-free risk because clk may be released without a corresponding clk_put if an error occurs later in the function.",The clk_put is executed in the error path to prevent use-after-free by releasing clk before exiting the function.,gpt-4o-mini
5,spear_setup_of_timer,gpt_clk,"When clk_get_sys retrieves the clock for gpt_clk, it creates a risk of resource leak because failing to release the clock with clk_put leads to unbalanced resource management.",The clk_put is executed in error paths to prevent resource leaks by releasing gpt_clk when an error occurs.,gpt-4o-mini
6,spear6xx_timer_init,gpt_clk,"When clk_get_sys retrieves gpt_clk, it creates a resource leak risk because failure to release the clock with clk_put leads to unbalanced reference counting.",The clk_put is executed in error paths to prevent resource leaks by releasing gpt_clk when it is no longer needed.,gpt-4o-mini
7,davinci_psc_genpd_attach_dev,clk,"When clk_get_sys() acquires clk, it creates a reference counting risk because failing to balance the reference with clk_put() can lead to a memory leak.",The clk_put is executed in the error path to prevent memory leaks by releasing the clk reference if pm_clk_create() fails.,gpt-4o-mini
8,propagate_rate,clkp,"When clk_get_sys is called to acquire clkp, it creates a use-after-free risk because clkp may reference a clock that is already released if not properly managed.",The clk_put is executed in cleanup sections to prevent use-after-free vulnerabilities by releasing clkp after its use.,gpt-4o-mini
9,plat_time_init,clk,"When of_clk_get(np, 0) retrieves clk, it creates a use-after-free risk because if clk is not properly released, it may lead to dereferencing a freed pointer.",The clk_put is executed in error paths to prevent use-after-free vulnerabilities by releasing clk before function exit.,gpt-4o-mini
